emp_no,first_name,last_name,title
10001,Georgi,Facello,Senior Engineer
10004,Chirstian,Koblick,Senior Engineer
10005,Kyoichi,Maliniak,Senior Staff
10006,Anneke,Preusig,Senior Engineer
10009,Sumant,Peac,Senior Engineer
10018,Kazuhide,Peha,Senior Engineer
10019,Lillian,Haddadi,Staff
10020,Mayuko,Warwick,Engineer
10022,Shahaf,Famili,Engineer
10023,Bojan,Montemayor,Engineer
10026,Yongqiao,Berztiss,Senior Engineer
10035,Alain,Chappelet,Senior Engineer
10047,Zvonko,Nyanchama,Senior Engineer
10051,Hidefumi,Caine,Senior Engineer
10053,Sanjiv,Zschoche,Senior Staff
10057,Ebbe,Callaway,Senior Engineer
10058,Berhard,McFarlin,Senior Staff
10059,Alejandro,McAlpine,Senior Staff
10063,Gino,Leonhardt,Senior Engineer
10066,Kwee,Schusler,Senior Engineer
10067,Claudi,Stavenow,Senior Engineer
10070,Reuven,Garigliano,Technique Leader
10072,Hironoby,Sidou,Senior Engineer
10074,Mokhtar,Bernatsky,Technique Leader
10076,Erez,Ritzmann,Senior Engineer
10088,Jungsoon,Syrzycki,Senior Staff
10091,Amabile,Gomatam,Senior Engineer
10096,Jayson,Mandell,Engineer
10097,Remzi,Waschkowski,Senior Staff
10100,Hironobu,Haraldson,Senior Staff
10103,Akemi,Birch,Engineer
10106,Eben,Aingworth,Senior Engineer
10126,Kayoko,Valtorta,Senior Staff
10127,Subir,Baja,Senior Engineer
10129,Armond,Peir,Technique Leader
10130,Nishit,Casperson,Senior Engineer
10134,Diederik,Siprelle,Senior Engineer
10138,Perry,Shimshoni,Senior Engineer
10150,Zhenbing,Perng,Senior Engineer
10153,Heekeun,Majewski,Assistant Engineer
10157,Nigel,Aloisi,Senior Engineer
10159,Serif,Buescher,Senior Engineer
10160,Debatosh,Khasidashvili,Senior Staff
10163,Karsten,Szmurlo,Senior Staff
10166,Samphel,Siegrist,Engineer
10183,Mechthild,Bonifati,Staff
10194,Josyula,Hofmeyr,Senior Staff
10196,Marc,Hellwagner,Staff
10198,Pranav,Furedi,Senior Engineer
10203,Steen,Escriba,Senior Staff
10205,Mabhin,Leijenhorst,Senior Engineer
10207,Girolamo,Anandan,Senior Engineer
10215,Xiaobin,Duclos,Senior Staff
10219,Genta,Kolvik,Senior Staff
10224,Leon,Trogemann,Senior Engineer
10228,Karoline,Cesareni,Senior Staff
10230,Clyde,Vernadat,Senior Staff
10233,Lein,Vendrig,Senior Staff
10239,Nikolaos,Llado,Staff
10240,Remko,Maccarone,Engineer
10248,Frederique,Tempesti,Senior Staff
10249,Marie,Boreale,Senior Engineer
10258,Basil,Ishibashi,Senior Engineer
10262,Mahendra,Maraist,Staff
10272,Yishai,Cannane,Staff
10281,Moty,Kusakari,Senior Engineer
10282,Hercules,Benzmuller,Engineer
10283,Kauko,Birjandi,Senior Engineer
10284,Masali,Murrill,Engineer
10295,Kristine,Velardi,Senior Staff
10298,Dietrich,DuCasse,Staff
10306,Heng,Kilgour,Staff
10307,Nikolaos,Leaver,Engineer
10322,Isamu,Dahlbom,Senior Engineer
10325,Arunachalam,Badr,Senior Staff
10326,Masali,Czap,Staff
10328,Serenella,Kawashima,Engineer
10333,Snehasis,Dymetman,Senior Engineer
10340,Djelloul,Laventhal,Senior Staff
10343,Dinah,Syrzycki,Senior Engineer
10347,Pradeep,Kaminger,Staff
10349,Oksana,Brodie,Senior Staff
10353,Phule,Hammerschmidt,Senior Staff
10355,Satyanarayana,Cochrane,Staff
10356,Vasilis,Standera,Senior Staff
10358,Qunsheng,Tagansky,Technique Leader
10364,Nakhoon,Dengi,Senior Engineer
10367,Hyuckchul,Gini,Senior Staff
10372,Anneli,Frijda,Technique Leader
10377,Marl,Grospietsch,Senior Engineer
10387,Parto,Wrigley,Senior Staff
10388,Hironoby,Kaiser,Staff
10389,Make,Peir,Technique Leader
10396,Sibyl,Rahier,Senior Engineer
10397,Irena,Reutenauer,Technique Leader
10402,Volkmar,Ebeling,Technique Leader
10404,Prodip,Rosti,Senior Engineer
10407,Ulf,Siepmann,Senior Staff
10413,Danel,Impagliazzo,Senior Staff
10418,Candida,Porotnikoff,Staff
10422,Greger,Rubsam,Engineer
10426,Arunas,Luce,Technique Leader
10429,Martien,Improta,Senior Engineer
10432,Hisao,Tiemann,Senior Staff
10433,Reuven,Dengi,Engineer
10451,Bodh,Ranta,Senior Engineer
10453,Tsvetan,Matzel,Senior Staff
10463,Ung,Zaiane,Staff
10477,Guoxiang,Trogemann,Senior Engineer
10486,Amstein,Kossowski,Senior Engineer
10494,Yakkov,Servieres,Senior Engineer
10497,Pramod,Rabehasaina,Senior Engineer
10499,Maik,Luft,Senior Staff
10503,Dannz,Pell,Engineer
10504,Xiong,Varker,Staff
10509,Abdelwaheb,Riesenhuber,Senior Staff
10512,Udi,Gihr,Senior Staff
10517,Tiina,Speek,Senior Staff
10522,Marke,Cesareni,Senior Staff
10529,Ymte,Yetto,Assistant Engineer
10531,Oguz,Gimbel,Staff
10542,Yannis,Couchot,Senior Engineer
10548,Ramalingam,Gunderson,Senior Staff
10552,Kazuhito,Shiratori,Senior Engineer
10564,Jianhao,Thisen,Senior Engineer
10568,Gao,Poulakidas,Staff
10586,Kirk,Vuskovic,Senior Engineer
10593,Falguni,Kenevan,Senior Engineer
10596,Sanjit,Coors,Senior Staff
10603,Wayne,Restivo,Staff
10610,Irena,Roccetti,Engineer
10614,Gila,Ozeri,Senior Engineer
10615,Keung,Delgrande,Senior Staff
10623,Aleksander,Danlos,Senior Engineer
10624,Sham,Gyorkos,Technique Leader
10628,Krisda,Krogh,Senior Engineer
10630,Bezalel,Katzenelson,Engineer
10631,Inderjeet,Chaudhuri,Engineer
10634,Nahid,Chepyzhov,Senior Engineer
10636,Saeko,Porotnikoff,Staff
10639,Pramod,Erol,Senior Engineer
10641,Guozhong,Zucker,Engineer
10642,Hirochika,Narlikar,Engineer
10653,Otmar,Feinberg,Senior Engineer
10667,Makato,Cusworth,Senior Staff
10671,Parviz,Rebaine,Senior Staff
10676,Valeri,Danley,Engineer
10683,Guiseppe,Stranks,Senior Engineer
10693,Berhard,Daescu,Senior Staff
10696,Unal,Fendler,Technique Leader
10702,Bader,Szemeredi,Senior Engineer
10712,Uma,Koprowski,Senior Engineer
10718,Adib,Rullman,Senior Engineer
10726,Zita,Minakawa,Senior Engineer
10734,Sachar,Erdi,Engineer
10741,Sven,Huttel,Senior Staff
10742,Shim,Wiegley,Technique Leader
10745,Poorav,Ranze,Senior Engineer
10749,King,Brendel,Senior Engineer
10750,Roddy,Demeyer,Technique Leader
10764,Yunming,Beetstra,Senior Engineer
10767,Monique,Doering,Staff
10768,Ishfaq,Candan,Senior Engineer
10778,Selwyn,Merey,Senior Staff
10791,Tadahiko,Sgarro,Senior Engineer
10795,Supot,Naudin,Senior Staff
10808,Chenxi,Leijenhorst,Senior Engineer
10811,Ashish,Fortenbacher,Engineer
10813,Shalesh,Shumilov,Senior Staff
10814,Nidapan,Dymetman,Senior Staff
10826,Arnd,Anandan,Senior Engineer
10827,Willard,Danley,Staff
10830,Fen,Fiebach,Senior Staff
10831,Toong,Driscoll,Technique Leader
10833,Krisda,Gecseg,Technique Leader
10834,Huiqun,Rajcani,Engineer
10835,Tomoyuki,Kermarrec,Engineer
10836,Jianhua,Leivant,Senior Staff
10844,Dipayan,Koprowski,Engineer
10846,Tokuyasu,Serre,Senior Engineer
10847,Theirry,Danley,Senior Staff
10848,Fen,Bratsberg,Senior Engineer
10849,Makato,Mayerwieser,Engineer
10854,Jagoda,Nannarelli,Engineer
10858,Kenroku,Gonthier,Senior Engineer
10871,Aram,Gilg,Staff
10872,Karoline,Speel,Senior Staff
10873,Sukumar,Wegerle,Staff
10878,Lakshmi,Deville,Staff
10879,Muzhong,Chleq,Senior Engineer
10882,Fun,Heuser,Engineer
10883,Shimshon,Champarnaud,Engineer
10885,Rayond,Cronau,Senior Staff
10887,Lunjin,DeMori,Senior Engineer
10900,Ferdinand,Prenel,Senior Engineer
10906,Munehiro,Carrere,Staff
10909,Georgi,Atchley,Senior Engineer
10913,Narain,Thummel,Staff
10920,Ronghao,Narahara,Senior Staff
10921,Mara,Bahi,Senior Engineer
10924,Hironoby,Atchley,Senior Staff
10926,Leni,Eppinger,Senior Engineer
10927,Gal,Scallan,Senior Staff
10930,Arch,Minakawa,Senior Engineer
10932,Avishai,Picci,Senior Engineer
10936,Mountaz,Schicker,Senior Staff
10942,Toshimitsu,Larfeldt,Engineer
10943,Berna,Skafidas,Senior Engineer
10944,Remko,Zyda,Senior Engineer
10947,Gor,Usery,Senior Staff
10949,Shigeichiro,Wroclawski,Senior Staff
10956,Arno,Picel,Engineer
10965,Eckart,Braunschweig,Senior Staff
10969,Premal,Noriega,Senior Engineer
10974,Muneo,Papsdorf,Senior Engineer
10986,Masako,Schiper,Technique Leader
10987,Flemming,Baezner,Engineer
10988,Chinya,Deyuan,Senior Engineer
10989,Sumali,Candan,Senior Staff
10990,Shin,Foote,Technique Leader
10996,Matk,Rahimi,Senior Staff
11004,JoAnna,Decleir,Senior Engineer
11009,Alper,Axelband,Senior Staff
11012,Taegyun,Speckmann,Staff
11019,Leon,Huttel,Senior Engineer
11021,Srinidhi,Henders,Staff
11027,Remzi,Cappello,Senior Engineer
11031,Ottavia,Walstra,Senior Staff
11032,Erez,Schaaf,Staff
11037,Lansing,Maliniak,Senior Engineer
11038,Jinya,Beidas,Senior Staff
11042,Gou,Breugel,Senior Engineer
11048,Jaques,Demke,Senior Staff
11050,Elvis,Katiyar,Senior Staff
11051,Przemyslawa,Erol,Senior Engineer
11056,Palash,Speel,Staff
11061,Pintsang,Erni,Senior Staff
11064,Shawna,Vieri,Senior Engineer
11066,Shaz,Langford,Senior Staff
11070,Adib,Raney,Senior Engineer
11071,Kwan,Sigstam,Senior Engineer
11075,Karsten,Belinskaya,Senior Engineer
11079,Piyush,Garigliano,Senior Engineer
11081,Barry,Boyle,Senior Staff
11083,Shimshon,Ducloy,Senior Staff
11084,Greger,Senzako,Senior Engineer
11085,Hailing,Thummel,Senior Engineer
11087,Changho,Jayawardene,Senior Engineer
11089,Conal,Henders,Senior Staff
11091,Souichi,Ramsay,Engineer
11092,Narain,Stamatiou,Staff
11098,Arnd,Covnot,Engineer
11100,Berna,Cochrane,Senior Staff
11106,Aris,Iwayama,Senior Engineer
11111,Udi,Zastre,Assistant Engineer
11112,Boaz,Mukaidono,Staff
11113,Shahab,Peng,Senior Staff
11121,Vugranam,Kakkad,Senior Engineer
11130,Xinyu,Menhoudj,Senior Staff
11132,Kristin,Harnett,Senior Engineer
11133,Nalini,Azulay,Technique Leader
11134,Sachar,Rajcani,Senior Engineer
11137,Hugh,Luca,Engineer
11139,Bogdan,Homond,Senior Staff
11143,Yongdong,Rosen,Engineer
11144,Carrsten,Heinisuo,Senior Staff
11146,Ishfaq,Masand,Senior Staff
11147,Ayonca,Nitsch,Engineer
11148,Zhanqiu,Botman,Senior Staff
11158,Masaki,Hagimont,Senior Engineer
11162,Kauko,Narlikar,Senior Engineer
11168,Shmuel,Tetzlaff,Senior Staff
11170,Minghong,Cannard,Senior Engineer
11174,Akhilish,Milicia,Engineer
11177,Chrisa,dAstous,Senior Engineer
11180,Mitsuyuki,Bojadziev,Senior Engineer
11181,Hausi,Cullers,Engineer
11185,Aloys,Baezner,Senior Staff
11186,Kshitij,Stasinski,Senior Engineer
11189,Dante,Bodoff,Senior Staff
11192,Apostol,Bahr,Engineer
11197,Tadahiro,Fordan,Senior Staff
11201,Jouko,Masaki,Staff
11204,Diederik,Covnot,Technique Leader
11207,Saeed,Gips,Engineer
11208,Saniya,Valtorta,Technique Leader
11211,Yurij,Rissland,Senior Engineer
11213,Vugranam,Munoz,Technique Leader
11217,Kellie,Mawatari,Senior Engineer
11229,Gretta,Ramamoorthy,Senior Engineer
11232,Hidefumi,Crelier,Senior Staff
11233,Sanjit,Waschkowski,Senior Engineer
11240,Kiam,Condotta,Engineer
11243,Udi,Desikan,Assistant Engineer
11249,Randi,Cyre,Engineer
11251,Bezalel,Chinal,Senior Staff
11253,Koldo,Pokrovskii,Senior Engineer
11254,Danel,Rindone,Staff
11258,Aris,Maccarone,Senior Staff
11266,Florina,Rohrbach,Senior Engineer
11267,Shaunak,Zaumen,Senior Engineer
11268,Aimee,Petersohn,Senior Engineer
11274,Masanao,Nicolson,Staff
11275,Hitomi,Eppinger,Senior Engineer
11289,Chuanti,Cherinka,Senior Engineer
11290,Visit,Dredge,Engineer
11292,Souichi,Sichman,Senior Engineer
11294,Tru,Segond,Senior Engineer
11295,Abdelkader,Lanzelotte,Senior Staff
11296,Hironobu,Kenevan,Senior Engineer
11301,Mingzeng,Oxenboll,Senior Staff
11317,Shigeaki,Hagimont,Senior Staff
11319,Pranas,Marrakchi,Assistant Engineer
11320,Atilio,McAlpine,Senior Staff
11322,Nathalie,Pocchiola,Senior Engineer
11324,Kauko,Billingsley,Senior Engineer
11325,Samphel,Rossi,Engineer
11326,Munenori,Plesums,Senior Engineer
11338,Kwangsub,Hanratty,Senior Staff
11339,Flemming,Massonet,Senior Engineer
11340,Aris,Bala,Senior Engineer
11343,Susanne,Erez,Senior Engineer
11347,Anneli,Jonsson,Senior Engineer
11349,Yurii,Hammerschmidt,Engineer
11360,Fen,Schach,Senior Staff
11365,Toshimi,Shinomoto,Engineer
11373,Yongmao,Keohane,Senior Staff
11376,Valery,Suomi,Senior Staff
11380,Kenroku,Pelc,Senior Engineer
11385,Shiv,Ullian,Engineer
11386,Alselm,Assaf,Senior Engineer
11393,Junsik,Junot,Senior Engineer
11396,Anneke,Servieres,Engineer
11398,Oscar,Peir,Senior Staff
11401,Huan,Merey,Staff
11404,Bedrich,Borovoy,Technique Leader
11406,Eberhardt,Gini,Senior Staff
11410,Gro,Vendrig,Engineer
11415,Sanjiv,Anido,Engineer
11417,Anneli,Cyne,Technique Leader
11418,Satosi,Cooley,Senior Staff
11420,Tsutomu,Lalonde,Senior Staff
11421,Josyula,Msuda,Senior Engineer
11423,Guangming,Kopetz,Staff
11425,Renee,Crelier,Senior Engineer
11441,Marlo,Aingworth,Senior Staff
11446,Naftali,Narahara,Senior Engineer
11449,Kotesh,Asser,Senior Engineer
11451,Eben,Rajaraman,Senior Engineer
11452,Shigehito,Luby,Senior Staff
11459,Duke,Suomi,Senior Staff
11460,Mana,Maraist,Senior Engineer
11469,Guttorm,Giaccio,Senior Engineer
11474,Gennady,Akazan,Engineer
11476,Manton,Yoshizawa,Staff
11479,Shridhar,Pleszkun,Staff
11503,Nathan,Picht,Senior Engineer
11506,Rance,Picel,Staff
11509,Aleksander,Feldhoffer,Senior Engineer
11513,Otmar,Mahnke,Senior Staff
11515,Ulf,Basawa,Staff
11518,Jinxi,Oxman,Senior Staff
11519,Halsur,Chinen,Senior Staff
11523,Yuguang,Pezzoli,Engineer
11524,Xiadong,Standera,Senior Engineer
11527,Alagu,Boyle,Staff
11528,Zito,Dolinsky,Technique Leader
11531,Radhika,Motley,Technique Leader
11533,Vitaly,Lorch,Technique Leader
11537,DAIDA,Pehl,Senior Staff
11540,Chanjung,Portugali,Senior Engineer
11554,Subhash,Taubenfeld,Staff
11555,Kotesh,Perfilyeva,Senior Staff
11567,Teiji,Mitzlaff,Senior Staff
11568,Martins,Fujisaki,Senior Engineer
11573,Pranas,Hutton,Senior Engineer
11575,Godehard,Plotkin,Engineer
11577,Mayumi,Deyuan,Senior Engineer
11581,Patricio,Rosenbaum,Senior Engineer
11587,Shem,Zambonelli,Senior Engineer
11589,Gina,Plessier,Senior Engineer
11595,Takanari,Kamber,Senior Staff
11596,Yannik,Gunderson,Staff
11602,Somnath,Malabarba,Senior Staff
11603,Herb,Swen,Senior Staff
11606,Perry,Pepe,Senior Staff
11607,Tomokazu,Foong,Engineer
11615,Shem,Isaak,Senior Staff
11616,Zhilian,Brendel,Engineer
11624,Adil,Gammage,Senior Engineer
11628,Fan,Malinowski,Senior Engineer
11640,Valeri,Coorg,Senior Engineer
11641,Chikako,Rothenberg,Senior Engineer
11644,Sanjit,Zaiane,Assistant Engineer
11646,Lobel,Rubsam,Engineer
11647,Magy,Nitsche,Senior Engineer
11649,Shen,Bernardinello,Technique Leader
11660,Gill,Stenning,Senior Staff
11664,Oksana,Brizzi,Senior Staff
11667,Kristian,Marchegay,Senior Staff
11673,Henk,Felder,Technique Leader
11676,Valeri,Ferriere,Engineer
11681,Fumitake,Benzmuller,Senior Engineer
11684,Oksana,Gide,Senior Staff
11690,Domenick,Raczkowsky,Staff
11693,Hideo,Coorg,Senior Engineer
11696,Dante,Rothe,Senior Staff
11713,Danel,Heusch,Senior Engineer
11732,Sanjoy,Ranft,Senior Engineer
11733,Leszek,Sudbeck,Senior Engineer
11735,Amalendu,Picci,Senior Staff
11736,Shugo,Uchoa,Senior Engineer
11737,Martina,Garnier,Assistant Engineer
11746,Koichi,Marrakchi,Senior Staff
11748,Lihong,Massonet,Engineer
11751,Jiafu,Emiris,Senior Staff
11756,Abdelwaheb,Vakili,Engineer
11763,Yuriy,Liesche,Engineer
11764,Sanjay,Anick,Senior Engineer
11765,Zorica,Junet,Senior Staff
11769,Chandrasekaran,Lampe,Senior Staff
11770,Arumugam,Jakobus,Senior Engineer
11772,Gaurav,Penz,Engineer
11774,Aron,Wroclawski,Engineer
11778,Dhritiman,Fontan,Senior Engineer
11779,Shunichi,Thombley,Staff
11791,Gal,Mamelak,Senior Engineer
11797,Chenxi,Thambidurai,Senior Staff
11801,Tommaso,Dayang,Senior Staff
11807,Chriss,Binding,Technique Leader
11810,Amabile,Bhattacharjee,Senior Engineer
11811,Herb,Boissier,Senior Staff
11817,Niranjan,Markovitch,Senior Staff
11822,Sastry,Madeira,Staff
11823,Weiyi,Iacovou,Senior Engineer
11829,Chaosheng,Pettis,Assistant Engineer
11832,Arto,Zlotek,Engineer
11836,Ortrud,Bakhtari,Senior Staff
11841,Elvia,Bugrara,Staff
11842,Moto,Piazza,Senior Staff
11844,Shawna,Demeyer,Senior Engineer
11846,Fai,Perly,Senior Engineer
11853,Zeljko,Kusakabe,Senior Staff
11857,Divier,Farrag,Senior Staff
11862,Alejandra,Deville,Senior Engineer
11864,Pradeep,Kriebel,Staff
11868,Kwee,Demke,Engineer
11869,Fumino,Luca,Engineer
11871,Nalini,Sommen,Senior Engineer
11872,Cheong,Riexinger,Senior Staff
11876,Leszek,Kobuchi,Senior Engineer
11881,Arra,Staelin,Senior Staff
11888,Badri,Azulay,Senior Staff
11894,Mitchel,Validov,Senior Engineer
11896,Shaunak,Benzmuller,Technique Leader
11897,Cordelia,Setlzner,Senior Staff
11906,Hideo,Boguraev,Engineer
11911,Ashish,Mondadori,Senior Engineer
11915,Miomir,Mawatari,Senior Engineer
11917,Jiakeng,VanScheik,Engineer
11926,Leni,Felcyn,Engineer
11931,Gunilla,Chiodo,Senior Staff
11933,Basil,Erman,Senior Engineer
11938,Aruna,Verspoor,Staff
11940,Ult,Anido,Assistant Engineer
11944,Along,Aumann,Senior Engineer
11945,Limsoon,Marakhovsky,Staff
11948,Yahiko,Nergos,Senior Engineer
11949,Martijn,Harbusch,Technique Leader
11951,Bernt,Haumacher,Senior Engineer
11965,Arup,Morrey,Engineer
11972,Sibyl,Beausoleil,Senior Staff
11980,Yechezkel,Pews,Staff
11983,Jaana,Hedayat,Senior Engineer
11989,Erzsebet,Peltason,Technique Leader
11993,Marit,Dalphin,Senior Staff
11994,Sigeru,Fiebach,Senior Staff
12007,Marko,Dehkordi,Senior Engineer
12011,Zhilian,Coorg,Senior Staff
12015,Kensei,Guenter,Staff
12021,Chikara,Rahimi,Senior Engineer
12023,Chuanyi,Eppinger,Technique Leader
12024,Mayumi,Lanzelotte,Staff
12028,Ingemar,Walstra,Senior Engineer
12030,Shuky,Cromarty,Staff
12034,Aemilian,Piazza,Staff
12036,Mads,Ratzlaff,Senior Staff
12037,Arunas,Katzenelson,Senior Staff
12040,Bluma,Kermarrec,Senior Staff
12043,Masaki,Lubachevsky,Staff
12044,Rance,Hemaspaandra,Senior Engineer
12047,Jordanka,Ligten,Assistant Engineer
12050,Yuchang,Tchuente,Engineer
12053,Yechezkel,Pelc,Senior Engineer
12054,Odysseas,Braccini,Staff
12060,Toshimi,Antonakopoulos,Technique Leader
12062,Margareta,Worfolk,Senior Staff
12063,Lein,Bale,Senior Engineer
12069,Ayonca,Burnard,Senior Engineer
12070,Ger,Shokrollahi,Technique Leader
12076,Karlis,Siprelle,Senior Staff
12080,Panayotis,Feinberg,Senior Staff
12082,Xinan,Yamaashi,Senior Staff
12089,Bilhanan,Socorro,Senior Staff
12090,Shigenori,Angelopoulos,Engineer
12091,Lansing,Cunliffe,Senior Engineer
12092,Kauko,Unno,Senior Staff
12093,Evgueni,Oxenboll,Senior Engineer
12094,Weiru,Pearson,Senior Staff
12099,Nobuyoshi,Kuzuoka,Senior Staff
12102,Aron,Erde,Staff
12112,Satyanarayana,Avouris,Senior Staff
12114,Shiv,Rubsam,Staff
12122,Satoru,Krone,Senior Engineer
12123,Xiahua,Syrzycki,Senior Staff
12125,Shounak,Erman,Engineer
12138,Takahito,Brender,Engineer
12140,Xudong,Paciorek,Senior Staff
12149,Suebskul,Grandbois,Senior Staff
12159,Shem,Perly,Senior Engineer
12160,Aamer,Garrabrants,Senior Staff
12164,Muneo,Chachaty,Engineer
12165,Xiaobin,Maquelin,Senior Engineer
12168,Arnd,Salverda,Senior Staff
12172,Jianhua,Llado,Senior Staff
12174,Slavian,Plavsic,Senior Engineer
12183,Harngdar,Iisaku,Engineer
12186,Guther,Nooteboom,Senior Staff
12190,Abdulah,Engberts,Senior Engineer
12191,Rosella,Bazzichi,Engineer
12192,Feiyu,Klyachko,Senior Engineer
12205,Sushant,Rossi,Senior Engineer
12206,Barton,Janetzko,Senior Engineer
12210,Vugranam,Ashish,Senior Staff
12213,Kwangho,Brizzi,Senior Staff
12216,Aloke,Mansanne,Engineer
12218,Yaghout,Strooper,Senior Engineer
12219,Junsik,Gadepally,Senior Staff
12221,Vincent,Melter,Senior Engineer
12222,Abdelwaheb,Holburn,Senior Staff
12223,Niteen,Koyama,Senior Engineer
12230,Yuriy,Bellone,Engineer
12231,Nishit,Bharadwaj,Senior Engineer
12235,Honesty,Haumacher,Staff
12242,Satoru,Wolniewicz,Engineer
12247,Subbu,Penttonen,Technique Leader
12249,Eldridge,Sadowski,Senior Engineer
12250,Kerhong,Aloia,Senior Engineer
12256,Guadalupe,Reghbati,Senior Staff
12258,Kankanahalli,Eiter,Senior Engineer
12264,Mart,Pagter,Engineer
12269,Mohammed,Whitcomb,Senior Engineer
12270,Shakhar,Kornyak,Senior Staff
12272,Behnaam,Grandbois,Senior Staff
12273,Jaideep,Uehara,Senior Staff
12281,Hisao,Langford,Senior Engineer
12282,Tadahiro,Delgrange,Engineer
12291,Masamitsu,Koyama,Senior Staff
12298,Tetsurou,Rodham,Senior Engineer
12308,Mototsugu,Cronau,Senior Staff
12311,Susanne,Lubachevsky,Senior Engineer
12316,Hyuncheol,Duclos,Engineer
12317,Weiyi,Crabtree,Staff
12327,DAIDA,Bruckman,Senior Engineer
12328,Atilio,Prampolini,Staff
12338,Kagan,Besselaar,Staff
12339,Pranay,Czaja,Staff
12341,Rasiah,Luga,Senior Engineer
12343,Sorina,Slaats,Senior Staff
12355,Vidar,Hutton,Senior Engineer
12364,Neelam,Cummings,Assistant Engineer
12365,Kamakshi,Bisiani,Senior Engineer
12368,Gor,Dechter,Senior Staff
12373,Mooi,Driscoll,Senior Staff
12379,Kazuhisa,Serna,Technique Leader
12381,Amalendu,Klerer,Senior Staff
12388,Arumugam,Hebert,Senior Engineer
12394,Stevo,Reeken,Engineer
12395,Sanjit,Felder,Senior Staff
12399,Mihalis,Luga,Senior Staff
12411,Shao,Ibel,Senior Staff
12413,Hugh,Gadepally,Senior Engineer
12417,Dannz,Spelt,Senior Engineer
12421,Toshimi,Gulik,Senior Engineer
12422,Berhard,Demos,Senior Staff
12426,Shahaf,Valtorta,Technique Leader
12427,Zissis,Daescu,Senior Staff
12434,Xumin,Bernardinello,Engineer
12438,Yongmao,Mondadori,Senior Staff
12450,Sanjeeva,Perng,Senior Engineer
12452,Hiroyasu,Francisci,Engineer
12454,Kerryn,Farris,Staff
12464,Shai,Milicic,Staff
12466,Cullen,Nations,Senior Staff
12468,Ioana,Baezner,Staff
12475,Filipe,Roison,Senior Engineer
12480,Tetsushi,Schade,Staff
12487,Mona,Reghbati,Senior Staff
12488,Etsuo,Gerteisen,Senior Engineer
12489,Arnould,Munck,Senior Engineer
12490,Jackson,Muchinsky,Senior Engineer
12492,Kristinn,Hammerschmidt,Senior Engineer
12497,Stein,Penz,Senior Staff
12499,Izaskun,Lamba,Senior Staff
12501,Morrie,Matheson,Senior Staff
12502,Danil,VanScheik,Senior Engineer
12504,Adly,Rosaz,Engineer
12506,Gay,Rodite,Engineer
12509,Rutger,Krzyzanowski,Senior Staff
12514,Tomofumi,Melter,Engineer
12515,Pranav,Wilharm,Senior Engineer
12520,Goetz,Basart,Engineer
12522,Trygve,Zhang,Technique Leader
12523,Tonia,Casley,Senior Staff
12524,Tetsushi,Demeyer,Engineer
12528,Conor,Cincotta,Senior Staff
12534,Yongmao,Gerlach,Senior Engineer
12537,Avishai,Gonthier,Senior Staff
12540,Poornachandra,Bresenham,Senior Staff
12541,Shih,Nanard,Senior Staff
12542,Kazuhide,Bouloucos,Senior Staff
12551,Jeane,Tzvieli,Senior Engineer
12553,Aral,Vesna,Senior Staff
12555,Spyrose,DuCasse,Assistant Engineer
12557,Stafford,Kopetz,Senior Engineer
12558,Danco,Niizuma,Senior Engineer
12563,Honesty,Ducloy,Engineer
12564,Remco,Nitsche,Staff
12571,Abdelaziz,Candan,Engineer
12574,Mong,Gelosh,Engineer
12586,Oguz,Tasistro,Senior Engineer
12588,Yagil,Kenevan,Senior Engineer
12589,Anoosh,Chleq,Senior Engineer
12590,Gita,Rosenbaum,Senior Staff
12596,Breannda,Roisin,Senior Staff
12597,Kazuhito,Petereit,Senior Staff
12601,Ghassan,Simkin,Senior Engineer
12603,Utpal,Roison,Staff
12608,Nectarios,Mondadori,Senior Staff
12612,Chandrasekaran,Thimonier,Staff
12617,Shawna,Rusterholz,Senior Staff
12623,Raimond,Scharstein,Senior Staff
12626,Gill,Comyn,Senior Engineer
12630,Sreekrishna,Falco,Senior Staff
12635,Xinyu,Restivo,Senior Engineer
12636,Yuuichi,Debuse,Senior Staff
12638,Yuqun,Seiwald,Engineer
12639,Zeljko,Schapire,Senior Engineer
12642,Suebskul,Gips,Senior Staff
12644,Bernt,Jayawardene,Senior Engineer
12645,Kyoichi,Decaestecker,Staff
12651,Pragnesh,Bael,Senior Staff
12656,Seshu,Morton,Senior Staff
12662,Leucio,Alvarado,Engineer
12663,Nobuyoshi,Stellhorn,Technique Leader
12664,Zhonghua,Parveen,Staff
12666,Stamatina,Prenel,Engineer
12670,Seongbae,Alameldin,Engineer
12672,Mayumi,Varman,Senior Engineer
12680,Bader,Staudhammer,Staff
12687,Weicheng,Badache,Staff
12689,Luerbio,Boudaillier,Senior Engineer
12691,Oddvar,Gils,Senior Engineer
12697,Uri,Brizzi,Senior Staff
12707,Gregory,Zastre,Staff
12709,Ronghao,Botman,Senior Engineer
12715,Honglan,Showalter,Staff
12717,Tzu,Jiafu,Staff
12722,Elliott,Cheshire,Senior Staff
12725,Inderjeet,Flexer,Senior Staff
12726,Fumitake,Panwar,Senior Engineer
12729,Nahla,Rahier,Senior Engineer
12731,Yongmao,Waymire,Senior Staff
12732,Mara,Takanami,Senior Staff
12734,Gil,Frijda,Senior Engineer
12746,Heekeun,Lunn,Senior Engineer
12747,Salvador,Atrawala,Technique Leader
12748,Berry,Kakkar,Engineer
12753,Kazuhito,Syrotiuk,Senior Engineer
12754,Ronnie,Tetzlaff,Senior Engineer
12755,Rildo,Rodite,Senior Staff
12761,Hitofumi,Schaad,Senior Staff
12769,Abdelwaheb,Gluchowski,Engineer
12770,Maik,Benzaken,Senior Staff
12773,Jenwei,Lovengreen,Senior Engineer
12774,Moon,Asrin,Engineer
12777,Sreenivas,Cichocki,Senior Staff
12785,Bouchung,Armand,Senior Engineer
12786,Weiyi,Schusler,Engineer
12789,Sanjai,Felcyn,Engineer
12790,Gunilla,Perl,Senior Staff
12795,Masoud,Fordan,Senior Staff
12796,Saniya,Stanfel,Senior Engineer
12798,Lillian,Beeson,Senior Staff
12799,Tiina,Businaro,Senior Staff
12803,Gad,Boissier,Senior Staff
12807,Gretta,Babb,Senior Engineer
12810,Kristof,Staelin,Technique Leader
12815,Sushant,Junot,Senior Staff
12819,Mountaz,Gubsky,Senior Engineer
12821,Arco,Gihr,Engineer
12828,Oksana,Camurati,Staff
12829,Harngdar,Harbusch,Senior Engineer
12840,Zhensheng,Ferretti,Engineer
12843,Yinlin,Heijenga,Senior Engineer
12848,Kazuhide,Smeets,Engineer
12851,Kwangyoen,Ramsay,Staff
12855,Mabhin,Murrill,Senior Staff
12857,Alagu,Gils,Senior Engineer
12863,Leif,Matheson,Senior Engineer
12865,Katsuyuki,Rothe,Senior Staff
12868,Berthier,Nanard,Senior Engineer
12869,Jacopo,Swiler,Staff
12872,Marl,Schmittgen,Senior Staff
12879,Baruch,Eugenio,Senior Engineer
12881,Huai,Yurek,Staff
12885,Anwar,Collavizza,Senior Engineer
12887,Hilari,DuBourdieux,Senior Engineer
12889,Mayumi,Mukaidono,Engineer
12890,Neven,Casley,Senior Staff
12893,Licheng,Crouzet,Senior Staff
12895,Roddy,Serot,Senior Engineer
12899,Chinho,Sethi,Senior Staff
12905,Munehiro,Gecsei,Senior Engineer
12910,Uno,Casley,Staff
12915,Arco,Ligten,Senior Staff
12923,Chaosheng,Journel,Senior Engineer
12926,Heekeun,Luby,Senior Staff
12934,Adil,Solares,Senior Engineer
12936,Reinhold,Farrow,Technique Leader
12940,Odinaldo,Farrar,Senior Engineer
12941,Tommaso,Perelgut,Senior Engineer
12944,Alselm,Benzmuller,Senior Staff
12949,Geoff,Asrin,Senior Engineer
12960,Tayeb,Navazio,Engineer
12962,Paraskevi,Beerel,Senior Staff
12969,Mohan,Angot,Senior Staff
12977,Byong,Markovitch,Senior Engineer
12982,Sachem,Aamodt,Senior Engineer
12983,Elliott,Hambrick,Staff
12986,Khun,Hennebert,Senior Engineer
12987,Youngkon,Kading,Senior Engineer
13000,Adhemar,Chiodo,Engineer
13002,Henk,Muhlberg,Senior Engineer
13004,Fan,Beznosov,Senior Engineer
13008,Jayesh,Zaumen,Engineer
13011,Aamer,Glowinski,Technique Leader
13013,Heekeun,Baak,Engineer
13027,Paraskevi,Kohling,Technique Leader
13030,Yahiko,Kroll,Senior Staff
13034,Arunas,Rosen,Senior Staff
13046,Vivian,Stafford,Senior Staff
13047,Atilio,Chelton,Senior Engineer
13048,Kerhong,Massonet,Senior Engineer
13052,Aleksandar,Schlenzig,Senior Engineer
13054,Samphel,Masamoto,Senior Engineer
13065,Zine,Schiper,Senior Staff
13067,Wayne,Kornyak,Senior Engineer
13075,Rosella,Morrin,Senior Staff
13076,Deniz,Skafidas,Engineer
13084,Domenico,Pagter,Senior Staff
13086,Dzung,Domenig,Senior Staff
13093,Sajjan,Unno,Staff
13096,Ibibia,Armand,Senior Engineer
13103,Srinidhi,Ellozy,Senior Engineer
13108,Rance,Matteis,Senior Staff
13110,Maria,Kamble,Senior Engineer
13124,Quingbo,Garnick,Senior Staff
13126,Parviz,Hennebert,Senior Engineer
13133,Guther,Senzako,Senior Staff
13134,Lorien,Chepyzhov,Senior Engineer
13140,Shuji,Vidal,Staff
13143,Qingxiang,Ventosa,Technique Leader
13144,Persi,Nollmann,Senior Staff
13146,Haldon,Erie,Senior Staff
13147,Shichao,Ginesta,Senior Staff
13150,Mahmut,Stavenow,Technique Leader
13156,Akeel,Millington,Senior Engineer
13159,Jingling,Ranst,Staff
13161,Manu,Picci,Senior Engineer
13165,Lucian,Benner,Senior Engineer
13168,Munir,Stentiford,Senior Engineer
13170,Cheong,Bernardeschi,Senior Staff
13171,Anoosh,Birnbaum,Senior Engineer
13173,Arve,Horswill,Senior Staff
13175,Yucai,Swick,Senior Engineer
13179,Moty,Janocha,Staff
13182,Kokou,Rodite,Engineer
13186,Kyoichi,Barbanera,Senior Staff
13189,Yuuichi,Bazzichi,Staff
13192,Rosita,Flowers,Technique Leader
13200,Weidon,Pauthner,Senior Engineer
13202,Aram,Scharstein,Senior Staff
13203,Phule,Emmart,Senior Staff
13204,Mircea,Pellegrinelli,Assistant Engineer
13206,Tetsurou,Rullman,Staff
13210,Jianhua,Klassen,Senior Staff
13213,Hein,Billawala,Senior Staff
13216,Stabislas,Weedman,Staff
13227,Goncalo,Pell,Staff
13232,Mitchel,Fujisaki,Technique Leader
13233,Alselm,Chvatal,Senior Engineer
13235,Taizo,Remmers,Engineer
13238,Ebru,Foote,Senior Staff
13240,King,Pileggi,Senior Engineer
13246,Adil,Siepmann,Staff
13250,Zeydy,Schusler,Senior Engineer
13252,Morris,Kavvadias,Staff
13260,JoAnna,McDermid,Technique Leader
13263,Subhash,Zockler,Senior Staff
13272,Arun,Jiang,Senior Staff
13276,Yechiam,Seuren,Senior Staff
13282,Cordelia,Macedo,Senior Staff
13288,Muneo,Broomell,Senior Staff
13290,Stamatina,Karner,Staff
13291,Georg,Stamatiou,Senior Engineer
13294,Haldun,Stroustrup,Staff
13302,Mack,Alencar,Senior Engineer
13303,Koldo,Rissanen,Staff
13309,Toshimori,Lipner,Senior Engineer
13312,Filipp,Schurmann,Engineer
13315,Sakthirel,Stroustrup,Senior Engineer
13320,Gino,Bahr,Senior Engineer
13332,Nidapan,Pearson,Senior Engineer
13333,Yoshinari,Hennebert,Engineer
13341,Bodh,Doering,Senior Staff
13342,Georgy,Doering,Engineer
13343,Heon,Usery,Senior Staff
13346,Francoise,Zastre,Senior Engineer
13347,Lein,Sifakis,Senior Engineer
13349,Zeydy,Danner,Senior Staff
13357,Mabry,Llado,Engineer
13361,Wilmer,Baek,Staff
13368,Kiyokazu,Klassen,Staff
13371,Nakhoon,Riexinger,Senior Engineer
13373,Juichirou,Naumovich,Senior Staff
13374,Atreye,Kalefeld,Senior Engineer
13378,Rafols,Zhiwei,Technique Leader
13379,Kinh,Engelmann,Senior Staff
13385,Claudi,Buchter,Senior Staff
13386,Khosrow,Sgarro,Technique Leader
13388,Shuji,Cesareni,Technique Leader
13389,Divine,Cmelik,Senior Staff
13390,Nathan,Hutton,Engineer
13392,Fumitake,Beidas,Senior Staff
13394,Anneke,Lorys,Senior Staff
13396,Chuanyi,Aumann,Senior Staff
13402,Augustine,Dulli,Engineer
13405,Randy,Baba,Senior Staff
13407,Gio,Chenoweth,Senior Engineer
13408,Sreekrishna,Lagarias,Senior Engineer
13412,Ranga,Erdmenger,Staff
13415,Nathalie,Speer,Technique Leader
13416,Fox,Billawala,Senior Engineer
13417,Dipayan,Condotta,Senior Staff
13422,Vishwani,Gerlach,Senior Engineer
13427,Sreekrishna,Narwekar,Staff
13439,Domenick,Ullian,Engineer
13442,Giordano,Miake,Senior Staff
13443,Mayuko,Puppo,Senior Engineer
13445,Renee,Dehkordi,Engineer
13451,Gretta,Weiland,Senior Staff
13453,Sugwoo,Lalonde,Senior Engineer
13456,Uzi,Erol,Senior Engineer
13457,Shooichi,Parfitt,Senior Engineer
13458,Feipei,Nivat,Senior Engineer
13460,Yinghua,Gips,Senior Engineer
13463,Theron,Berstel,Senior Engineer
13465,Sasan,Rehfuss,Engineer
13467,Zhigen,Katzenelson,Senior Engineer
13472,Dzung,Larfeldt,Engineer
13475,Kamakshi,Piancastelli,Senior Staff
13493,Uinam,Jullig,Senior Engineer
13500,Irene,Erol,Senior Engineer
13504,Parto,Mandell,Engineer
13505,Chandrasekaran,Hambrick,Staff
13520,Takahiro,Mahnke,Senior Engineer
13522,Jaewon,Vingron,Senior Staff
13523,Dines,Karunanithi,Staff
13524,Chaoyi,Porotnikoff,Senior Staff
13535,Arunas,Schlenzig,Senior Engineer
13539,Cedric,Bala,Senior Engineer
13540,Cordelia,Krohn,Staff
13544,Beshir,Sullins,Senior Staff
13546,Aimee,Brookner,Senior Engineer
13549,Matk,Koprowski,Technique Leader
13552,Ingmar,Capobianchi,Senior Staff
13554,Divine,Birke,Senior Staff
13571,Eben,Passino,Senior Engineer
13575,Kazuhiko,Hettesheimer,Senior Engineer
13576,Jungsoon,Engberts,Senior Staff
13586,Abdelwaheb,Klassen,Senior Engineer
13591,Jinxi,Poulakidas,Assistant Engineer
13596,Georg,Marletta,Senior Engineer
13598,Subhrajyoti,Barvinok,Engineer
13600,Baocai,Babu,Staff
13605,Dmitry,Encarnacion,Senior Staff
13612,Shao,Mansanne,Engineer
13617,Prodip,Fioravanti,Engineer
13621,Fei,Haddadi,Engineer
13624,Zhigen,Yurek,Senior Staff
13629,Dzung,Trelles,Senior Engineer
13642,Inderjeet,Luit,Senior Staff
13643,Geoff,Chenney,Senior Engineer
13648,Zejun,Lamba,Technique Leader
13653,Kristen,Iivonen,Senior Staff
13662,Tianruo,Zucker,Senior Staff
13670,Moti,Takanami,Senior Engineer
13673,Kish,Levasseur,Senior Staff
13680,Denny,Speer,Staff
13683,Zhilian,Vakili,Senior Engineer
13685,Weicheng,Hockney,Senior Engineer
13697,Shuichi,Weedon,Technique Leader
13704,Vishu,Kumaresan,Senior Engineer
13708,Taizo,Bolsens,Senior Engineer
13713,Nitsan,Porenta,Senior Staff
13719,Hugh,Porotnikoff,Senior Engineer
13721,Sugwoo,Delgrossi,Senior Staff
13727,Vitali,Merey,Staff
13730,Munehiro,Kalorkoti,Senior Staff
13738,Bangqing,Mitchem,Engineer
13744,Hisao,Quittner,Senior Engineer
13745,Ung,Camurati,Senior Engineer
13758,Subhrajyoti,Sidou,Senior Staff
13762,Fumino,Choobineh,Senior Staff
13766,Tremaine,Heemskerk,Senior Staff
13769,Yakichi,Trogemann,Senior Staff
13772,Khalil,Klyachko,Engineer
13775,Arve,Maierhofer,Senior Staff
13776,Marjo,Brookner,Senior Staff
13786,Takushi,Berendt,Senior Staff
13787,Xiaobin,Sinicrope,Senior Engineer
13792,Valery,Sury,Senior Staff
13796,Paloma,Thorelli,Engineer
13797,Juyoung,Leonhardt,Senior Staff
13798,Khosrow,Tischendorf,Senior Engineer
13799,Chriss,Backhouse,Technique Leader
13800,Nikolaus,Gammage,Technique Leader
13809,Kiyotoshi,Basagni,Senior Staff
13811,Kien,Azadmanesh,Senior Engineer
13815,Guadalupe,Plotkin,Senior Engineer
13825,Arlette,Pell,Technique Leader
13831,Yinghua,Rikino,Technique Leader
13838,Giao,Stellhorn,Senior Staff
13841,Christophe,Spinelli,Technique Leader
13842,Juichirou,Cichocki,Senior Staff
13846,Guiseppe,Welham,Senior Staff
13847,Dhritiman,Gulik,Technique Leader
13853,Mingsen,Roohalamini,Senior Staff
13856,Xiping,Conta,Senior Staff
13857,Mostafa,Ferriere,Senior Engineer
13859,Anoosh,Fujisawa,Senior Engineer
13861,Parke,Serna,Engineer
13863,Reinhard,Baig,Senior Staff
13870,Theirry,Kirkerud,Engineer
13875,Genta,Manders,Senior Engineer
13884,Kensei,Swift,Engineer
13888,Xuedong,Reghbati,Engineer
13894,Ult,Schonegge,Engineer
13897,JoAnna,Hardjono,Senior Engineer
13899,Mostafa,Crouzet,Engineer
13904,Youngkon,Cairo,Senior Engineer
13911,Fen,Jansen,Staff
13913,Xinan,Yoshizawa,Technique Leader
13919,Brewster,Sinicrope,Engineer
13922,Jinpo,Langford,Senior Staff
13924,Mary,DasSarma,Senior Engineer
13928,Mahmut,Nitta,Senior Staff
13934,Shiv,Bratsberg,Senior Engineer
13936,Tsz,Hambrick,Staff
13942,Elzbieta,Esteva,Technique Leader
13943,Maya,Plump,Senior Staff
13944,Takahito,Maierhofer,Senior Engineer
13946,Atilio,Sgarro,Senior Engineer
13948,Xiaocheng,Hanratty,Staff
13951,Mooi,Genther,Senior Staff
13960,Nechama,Hettesheimer,Senior Staff
13962,Maris,Ghelli,Senior Engineer
13966,Boguslaw,Cooman,Senior Staff
13969,Jianwen,Chandrasekhar,Technique Leader
13972,Seongbin,Walston,Technique Leader
13987,Huican,Fujisaki,Technique Leader
13990,Deborah,Schapiro,Engineer
13992,Ulises,Kenevan,Senior Staff
13993,Troy,Marciano,Senior Staff
13999,Florian,Crouzet,Senior Staff
14001,Mohammad,Wynblatt,Senior Staff
14005,Vojin,Stellhorn,Technique Leader
14011,Katsuo,Peris,Engineer
14012,Yishai,Hanratty,Senior Engineer
14015,Manibrata,Picaronny,Senior Engineer
14024,Naftali,Lukaszewicz,Senior Engineer
14030,Guadalupe,Hiroyama,Technique Leader
14031,Joydip,Bashian,Engineer
14034,Aloys,Seghrouchni,Senior Staff
14038,Tokuyasu,Plesums,Senior Engineer
14039,Ugo,Butterworth,Assistant Engineer
14041,Shan,DeMori,Senior Staff
14049,Becky,Pelz,Senior Engineer
14051,Constantijn,Sullins,Senior Engineer
14058,Huai,Kobara,Senior Engineer
14066,Gennadi,Marrakchi,Staff
14067,Godehard,Trachtenberg,Senior Engineer
14074,Toshimori,Wendorf,Engineer
14084,Deniz,Halloran,Engineer
14086,Willard,Syrotiuk,Senior Staff
14088,Mori,Leslie,Senior Staff
14093,Atreye,Ritzmann,Technique Leader
14105,Ramachenga,Orlowski,Staff
14107,Xiahua,Rindone,Senior Staff
14111,Leszek,Cummings,Senior Staff
14112,Younwoo,McDermid,Staff
14118,Kasturi,Anido,Senior Staff
14122,Masato,Erde,Senior Staff
14128,Mountaz,Munck,Senior Engineer
14130,Yuuichi,Stroustrup,Staff
14140,Kiam,Ramamoorthy,Senior Staff
14146,Hauke,Sidou,Engineer
14147,Sasan,Rande,Engineer
14148,Jungsoon,Hartvigsen,Senior Engineer
14150,Yuqun,Akiyama,Senior Staff
14159,Theron,Marrakchi,Engineer
14165,Aloke,Cunliffe,Senior Staff
14167,Adas,Hertweck,Senior Engineer
14168,Jiann,Denis,Technique Leader
14172,Vasilis,Nitsch,Senior Staff
14182,Abdulla,Encarnacion,Senior Staff
14191,Jiann,Luby,Senior Engineer
14199,Tomoyuki,Peek,Senior Engineer
14200,Masali,Sankaranarayanan,Senior Staff
14209,Masanao,Kusakabe,Senior Staff
14214,TRUE,Swen,Assistant Engineer
14217,Nimmagadda,Calkin,Senior Staff
14220,Tomofumi,Pargas,Senior Engineer
14232,Masali,Bojadziev,Senior Engineer
14233,Zijian,Blokdijk,Senior Staff
14234,Alair,Servi,Staff
14236,Xuedong,Angiulli,Senior Staff
14237,Abdulla,Gerlach,Senior Engineer
14241,Zhonghui,Ranze,Senior Staff
14242,Sudhanshu,Benaini,Senior Staff
14244,Mahmut,Mullainathan,Senior Engineer
14245,Boalin,Byoun,Senior Engineer
14246,Subhada,Piazza,Senior Engineer
14248,Mark,Alblas,Senior Engineer
14251,Ingemar,Werthner,Senior Staff
14252,Weiyi,Fargier,Staff
14253,Mart,Mattern,Senior Staff
14257,Kwok,Massonet,Staff
14259,Aleksandar,Kisuki,Senior Engineer
14273,Atreye,Benveniste,Staff
14277,Xiong,Gente,Technique Leader
14281,Hidekazu,Stavenow,Senior Engineer
14285,Deborah,Peck,Senior Staff
14290,Miyeon,Olivero,Senior Engineer
14292,Susanna,Vigier,Senior Staff
14298,Chriss,Granlund,Senior Engineer
14302,Rosita,Comellas,Engineer
14310,Marlo,Leuchs,Senior Staff
14320,Sreenivas,Schaar,Senior Engineer
14321,Shugo,Falby,Senior Staff
14322,Shem,Kakkad,Engineer
14323,Golgen,Leslie,Staff
14326,Iara,Speckmann,Senior Engineer
14327,Jianwen,Leaver,Senior Engineer
14329,Nikolaus,Bakhtari,Senior Engineer
14330,Felicidad,Brizzi,Senior Engineer
14331,Susumu,Plessier,Senior Engineer
14332,Wilmer,Nitto,Senior Engineer
14335,Mark,Fraisse,Technique Leader
14340,Vitaly,Wixon,Senior Engineer
14342,Hairong,Iacovou,Senior Engineer
14344,Otilia,Buescher,Technique Leader
14354,Mong,Bojadziev,Senior Staff
14360,Janche,Erbe,Senior Staff
14364,Remzi,Lund,Senior Staff
14369,Hiroyasu,Cardazo,Senior Engineer
14370,Heon,Perl,Senior Staff
14372,Saniya,Srimani,Engineer
14382,Zhigen,Sichman,Senior Staff
14384,Tomofumi,Holburn,Technique Leader
14385,Chanjung,Vendrig,Engineer
14388,Arch,Remmers,Senior Staff
14394,Kinh,Zaumen,Senior Staff
14398,Kristinn,Parascandalo,Staff
14406,Tsutomu,Tanemo,Senior Engineer
14411,Hiroyasu,Validov,Technique Leader
14418,Chriss,Kadhim,Engineer
14422,Toshimo,Gadepally,Senior Engineer
14424,Chikako,Isard,Senior Engineer
14434,Elvis,Maginnis,Technique Leader
14436,Aloke,Gubsky,Engineer
14439,Raimond,Woycyznski,Senior Engineer
14455,Kwangyoen,Sabnani,Senior Staff
14456,Feiyu,Rehfuss,Senior Engineer
14457,Erez,Wynblatt,Senior Engineer
14460,Yagil,Lueh,Senior Engineer
14478,Munehiro,Boissier,Senior Staff
14481,Moti,Lammel,Senior Engineer
14483,Supot,Marrevee,Senior Engineer
14484,Gift,Backhouse,Engineer
14486,Indrajit,Birdsall,Senior Engineer
14490,Tran,Azulay,Staff
14494,Yannis,Azadmanesh,Technique Leader
14497,Armond,Molenkamp,Staff
14498,Xiong,Selenyi,Senior Staff
14500,Rutger,Malabarba,Senior Engineer
14501,Taizo,Kroft,Technique Leader
14502,Abdulla,Simkin,Senior Engineer
14509,Danil,Aloia,Senior Staff
14513,Samphel,Barreiro,Senior Staff
14515,Kazuhisa,Versino,Senior Engineer
14516,Kristian,Underwood,Senior Staff
14518,Patricia,Peir,Engineer
14522,Chuanyi,Ranta,Senior Staff
14524,Nobuyoshi,Trogemann,Staff
14526,Arne,Grabner,Staff
14530,Branimir,Luks,Engineer
14534,Heeju,Vecchi,Engineer
14537,Babette,Engelmann,Senior Engineer
14544,Licheng,Janetzko,Senior Staff
14548,Raimond,Ernst,Senior Staff
14552,Ibibia,Snyers,Senior Engineer
14556,Fatemeh,Zultner,Engineer
14560,Elrique,Driscoll,Senior Engineer
14563,Xuejia,Douceur,Senior Staff
14564,Tadahiro,Christ,Staff
14568,Baoqiu,Kakkad,Senior Engineer
14572,Jasminko,Remmele,Technique Leader
14574,Yolla,Kaiserswerth,Senior Engineer
14577,Shawna,Harbusch,Senior Engineer
14581,Gao,Condotta,Senior Engineer
14582,Kiyokazu,Morrin,Senior Engineer
14589,Shawna,Narahari,Staff
14595,Margareta,Demian,Senior Staff
14597,Aloke,Ritcey,Senior Staff
14600,Jayson,Cairo,Senior Staff
14603,Lech,Marquardt,Senior Engineer
14607,Suzette,Selvestrel,Staff
14610,Lijia,Merle,Senior Staff
14611,Marsja,Coors,Staff
14620,Jianhua,Erev,Senior Engineer
14621,Souichi,Wixon,Senior Staff
14622,Jixiang,Lung,Senior Engineer
14623,Gina,Savasere,Engineer
14627,Reinhold,Zastre,Senior Engineer
14632,Gudjon,McClurg,Senior Engineer
14634,Shirish,Lamba,Technique Leader
14639,Arvind,Hempstead,Senior Staff
14640,Toshimori,Kornatzky,Senior Engineer
14642,Florian,Kuhnemann,Senior Engineer
14645,Laurentiu,Glinert,Senior Engineer
14646,Jiafu,dAstous,Senior Engineer
14648,IEEE,Lorys,Senior Staff
14654,Moheb,Remmele,Senior Staff
14659,Sashi,Adachi,Senior Engineer
14665,Honesty,Brlek,Senior Staff
14667,Khatoun,Slutz,Senior Engineer
14668,Weicheng,Covnot,Senior Engineer
14670,Rance,Karnin,Assistant Engineer
14674,Rosalie,Engelmann,Engineer
14675,Teunis,Angel,Senior Staff
14676,Bikash,Zedlitz,Senior Staff
14677,Herbert,Sifakis,Senior Engineer
14678,Angus,Constantine,Staff
14681,Jaihie,Suermann,Engineer
14683,Alois,Basart,Senior Engineer
14684,Jayesh,Przulj,Staff
14690,Yechezkel,Bellone,Senior Engineer
14692,Annemarie,Lamba,Senior Engineer
14693,Brewster,Stranks,Senior Staff
14703,Boutros,Gonthier,Engineer
14710,Mahmut,Hainaut,Senior Staff
14716,Cullen,Kusakabe,Senior Engineer
14717,Willard,Marsiglia,Senior Staff
14723,Constantino,Assaf,Senior Staff
14724,Aron,Lemarechal,Senior Staff
14741,Dinkar,Menyhert,Senior Engineer
14745,Dines,Penttonen,Technique Leader
14746,Uri,Baalen,Senior Engineer
14750,Sadok,Boguraev,Engineer
14752,Mariusz,Azuma,Senior Engineer
14756,Mohua,Plesums,Senior Engineer
14761,Yunming,Rettelbach,Senior Staff
14763,Ayakannu,Hedayat,Senior Engineer
14776,Khoa,Muchinsky,Senior Staff
14777,Danco,Slobodova,Engineer
14780,Marlo,Bruckman,Senior Engineer
14785,Zhonghua,Kaiser,Senior Engineer
14789,Pintsang,Lanphier,Engineer
14791,Magy,Garrabrants,Assistant Engineer
14793,Stein,Uchoa,Engineer
14801,Peternela,Middleton,Senior Engineer
14802,Almudena,Kamble,Senior Engineer
14814,Odysseas,Nishimukai,Senior Staff
14815,Valeri,Vanwelkenhuysen,Engineer
14817,Gaurav,Masaki,Senior Engineer
14818,Wayne,Falco,Senior Engineer
14820,Poornachandra,Bratsberg,Senior Staff
14821,Oguz,Kilgore,Engineer
14826,Pohua,Radivojevic,Senior Staff
14828,Christfried,Kropf,Staff
14837,Perry,Cappello,Senior Staff
14839,Changho,Cronin,Senior Engineer
14842,Anneke,Godskesen,Senior Staff
14853,Taiji,Nergos,Senior Engineer
14874,Lijie,Socorro,Engineer
14877,Arto,Meriste,Senior Engineer
14879,Anyuan,Sigstam,Senior Engineer
14881,Demos,Mateescu,Senior Staff
14885,Mansur,Thisen,Technique Leader
14888,Temple,Barriga,Senior Staff
14899,Alejandro,Casley,Senior Staff
14902,Basant,Zaccaria,Technique Leader
14906,Adil,Parveen,Senior Staff
14908,Kerhong,Flanders,Senior Engineer
14909,Mohan,Kamble,Senior Engineer
14911,Xiaobin,Chelton,Senior Engineer
14914,Gretta,Benzaken,Engineer
14915,Huican,Picco,Engineer
14920,Billur,Eugenio,Senior Staff
14921,Gill,Khasidashvili,Senior Engineer
14923,Shuzo,Gyorkos,Technique Leader
14925,Stabislas,Peternell,Engineer
14926,Chikara,Suomi,Senior Engineer
14928,Satoru,Mukaidono,Senior Staff
14930,Faiza,Yetim,Senior Engineer
14941,Nathan,Lichtner,Senior Engineer
14942,Heon,Benveniste,Senior Engineer
14949,Insup,Reinhart,Senior Engineer
14954,Fox,Magliocco,Senior Engineer
14971,Fan,Simmen,Senior Staff
14973,Fumitaka,Schaad,Staff
14978,Fay,Swan,Staff
14983,Hyuckchul,Pouyioutas,Senior Staff
14993,Sanjay,Koblitz,Senior Engineer
15004,Muneo,Esteva,Engineer
15005,Kiam,Sadowsky,Senior Engineer
15015,Shawna,Marchegay,Technique Leader
15016,Woody,Gulik,Senior Staff
15018,Ramalingam,Prenel,Senior Staff
15019,Qingxiang,Shokrollahi,Senior Engineer
15025,Vincent,Lagarias,Senior Staff
15029,Giordano,Koshino,Senior Staff
15030,Rasikan,Nourani,Senior Staff
15036,Ziva,Delgrande,Senior Engineer
15042,Luise,Litvinov,Engineer
15043,Christoph,Ventosa,Senior Staff
15049,Khun,Waymire,Senior Staff
15052,Flemming,Kranzdorf,Senior Engineer
15055,Shrikanth,Sherertz,Senior Staff
15059,Moheb,Honglei,Senior Staff
15064,Wilmer,Comyn,Senior Staff
15066,Tomokazu,Oaver,Senior Engineer
15069,Manton,Siksek,Technique Leader
15071,Ayonca,Couchot,Senior Staff
15075,Radoslaw,Rijsenbrij,Senior Engineer
15077,Toshiki,Taubenfeld,Senior Engineer
15080,Moti,Conti,Technique Leader
15082,Guadalupe,Zirintsis,Technique Leader
15087,Chirstian,Ushiama,Senior Engineer
15089,Giri,Coney,Senior Engineer
15092,Remmert,Bahi,Senior Staff
15094,Seongbae,Bottner,Staff
15102,Luigi,Axelband,Senior Engineer
15105,Sudhanshu,Itzigehl,Senior Staff
15112,Anyuan,Heyers,Senior Staff
15114,Pantung,Honglei,Engineer
15118,Divier,Valtorta,Senior Engineer
15123,Xuejia,Menhoudj,Engineer
15124,Adhemar,Percebois,Senior Staff
15129,Reinhard,Baalen,Engineer
15134,Arun,Luiz,Senior Staff
15136,Eckart,Waeselynck,Staff
15139,Gor,Strandh,Staff
15143,Chiradeep,Krupka,Senior Staff
15145,Haldon,Servieres,Senior Engineer
15150,Shugo,Reeker,Senior Engineer
15151,Urs,Pouyioutas,Senior Staff
15155,Leon,Kitsuregawa,Senior Engineer
15169,Sanjoy,Matteis,Technique Leader
15176,Charlene,Sankaranarayanan,Senior Staff
15179,Niteen,Bernardeschi,Senior Engineer
15183,Vasiliy,Whitcomb,Senior Staff
15184,Sachem,Sundgren,Staff
15193,Neelam,Schach,Senior Engineer
15195,Renee,Zaumen,Senior Engineer
15196,Souichi,Duclos,Senior Engineer
15202,Pranay,Irland,Engineer
15204,Garnik,Ouhyoung,Engineer
15207,Toshimitsu,Baik,Senior Engineer
15208,Sudharsan,Shokrollahi,Senior Staff
15216,Zhenhua,Wiegley,Senior Staff
15218,Shuky,Conry,Senior Staff
15223,Izaskun,Harllee,Senior Staff
15228,Mona,Salvesen,Senior Staff
15230,Keiichiro,Suessmith,Senior Engineer
15231,Werner,Mondadori,Senior Engineer
15234,Jouko,Zhiwei,Senior Engineer
15237,Reinhard,Sadowsky,Senior Engineer
15243,Mountaz,Famili,Senior Staff
15248,Edwin,Baar,Senior Staff
15253,Ayonca,Pardalos,Senior Engineer
15254,Jessie,Erie,Senior Engineer
15263,Sanjeeva,Loncour,Senior Staff
15269,Eric,Reghbati,Senior Engineer
15271,Shiv,Bernardeschi,Senior Staff
15272,Aruna,Choobineh,Senior Engineer
15283,Lenore,Kermarrec,Engineer
15292,Miyeon,Lammel,Senior Staff
15303,Fumiko,Sewelson,Senior Engineer
15308,Jackson,Schaft,Engineer
15319,Rafols,Sankaranarayanan,Engineer
15321,Ishfaq,Gecsel,Senior Engineer
15324,Ziya,Lunn,Senior Engineer
15329,Fan,Openshaw,Engineer
15330,Jaroslava,Chinal,Senior Staff
15331,Guther,Legleitner,Staff
15337,Masaru,Radivojevic,Senior Engineer
15340,Hairong,Babb,Senior Engineer
15341,Shigehiro,Farrow,Senior Staff
15343,Chaosheng,Luce,Senior Engineer
15354,Chikara,Nyrup,Staff
15358,Zhenbing,Weiland,Engineer
15361,Vidar,Andreotta,Engineer
15365,Mikhail,Schiettecatte,Senior Engineer
15366,Masaki,Munawer,Senior Engineer
15369,Premal,Penttonen,Staff
15370,Chuanyi,Nilsson,Senior Engineer
15372,Nahum,Broder,Senior Staff
15374,Jiang,Hiroyama,Senior Staff
15375,Shuho,Manders,Senior Staff
15377,Shugo,Aumann,Senior Engineer
15382,Alassane,Siegrist,Senior Staff
15390,Jiakeng,Soicher,Engineer
15392,Pradeep,Markovitch,Assistant Engineer
15395,Monique,Jakobus,Senior Staff
15403,Hailing,Stavenow,Senior Staff
15406,Sariel,Sooriamurthi,Senior Engineer
15408,Maik,Penttonen,Staff
15409,Quingbo,Waterhouse,Technique Leader
15410,Wilmer,Kushner,Senior Staff
15412,Huai,Thiria,Senior Engineer
15414,Ramalingam,Rosti,Technique Leader
15420,Doowon,Oberman,Senior Staff
15422,Vesna,Wolniewicz,Senior Engineer
15425,Souichi,Apsitis,Technique Leader
15428,Kokou,Ramsay,Technique Leader
15438,Constantijn,Munoz,Senior Staff
15441,Arvind,Weisert,Senior Staff
15452,Kazuhira,Weedman,Engineer
15454,Hongzue,Cesareni,Senior Staff
15459,Nimmagadda,Kusalik,Engineer
15461,Marsha,Gronowski,Senior Staff
15465,Seshu,Ducloy,Senior Engineer
15470,Weiwu,Huhdanpaa,Engineer
15474,Gilbert,Plumb,Senior Staff
15479,Zhenbing,Soicher,Senior Engineer
15480,Kwok,Trogemann,Senior Engineer
15482,Jixiang,Gyorkos,Senior Engineer
15484,Ortrun,Plesums,Engineer
15489,Ayonca,Maksimenko,Staff
15491,Fumiyo,Marrevee,Senior Engineer
15497,Filipp,Lichtman,Engineer
15504,Kasturi,Alpin,Engineer
15505,Collette,Mikschl,Senior Engineer
15508,Yoshimitsu,Rettelbach,Senior Engineer
15510,Inderjeet,Sethi,Senior Engineer
15511,George,Kowalchuk,Senior Staff
15512,Mitsuyuki,Waymire,Senior Engineer
15513,Hidekazu,Domenig,Senior Staff
15517,Karsten,Bottner,Assistant Engineer
15518,Uno,Valtorta,Senior Engineer
15525,Masadi,Cherinka,Senior Engineer
15532,Bangqing,Lalonde,Senior Engineer
15534,Guozhong,Grabner,Senior Staff
15535,Rimon,Miyakawa,Engineer
15541,Percy,Erman,Technique Leader
15543,Mingdong,Staelin,Senior Engineer
15548,Sanjai,Caine,Senior Engineer
15550,Kerhong,Plumb,Senior Engineer
15555,Mona,Birge,Senior Engineer
15563,Constantino,Zykh,Senior Staff
15565,TRUE,Muchinsky,Senior Staff
15566,Baoqiu,Azuma,Senior Staff
15571,Alain,Emden,Engineer
15582,Tuval,Alpay,Engineer
15583,Kasidit,Denny,Senior Staff
15593,Jaihie,Gips,Staff
15600,Mack,Perna,Senior Engineer
15601,Carrsten,Anily,Senior Staff
15603,Woody,Hooghiemstra,Senior Engineer
15604,Nikolaus,Engelmann,Staff
15621,Zeydy,Sewelson,Engineer
15636,Siddarth,Coorg,Staff
15637,Vincent,Barinka,Senior Staff
15638,Basil,Perez,Senior Staff
15643,Anneli,Bednarek,Engineer
15646,Xuedong,Azuma,Senior Staff
15650,Pascal,Bail,Senior Engineer
15651,Huan,Iwayama,Senior Engineer
15656,Mohammad,Schaaf,Senior Staff
15662,Shooichi,Danner,Staff
15664,Bangqing,Ertl,Assistant Engineer
15668,Zito,Juneja,Senior Engineer
15671,Aiman,Back,Senior Engineer
15677,Ziva,Condotta,Senior Engineer
15682,Hiroyasu,Przulj,Senior Engineer
15684,Valeska,Babb,Senior Engineer
15687,Dekang,Ambroszkiewicz,Senior Staff
15692,Falguni,Brobst,Engineer
15693,Tomofumi,Ladret,Senior Staff
15703,Chenye,Hanratty,Engineer
15708,Reuven,Kushnir,Senior Staff
15710,Aral,Doering,Senior Engineer
15714,Troy,Bala,Engineer
15715,Insup,Ibel,Staff
15717,Yuchang,Rabehasaina,Senior Staff
15724,Zengping,Bondorf,Senior Engineer
15726,Zhilian,Parascandalo,Senior Staff
15733,Amalendu,Lipner,Senior Staff
15734,Manibrata,Rajala,Engineer
15739,Poorav,Bahr,Engineer
15740,Stepehn,Pocchiola,Senior Staff
15743,Dante,Chiodo,Engineer
15744,Udaiprakash,Solovay,Senior Engineer
15750,Arumugam,Bresenham,Senior Engineer
15763,Barun,Narahari,Senior Staff
15765,Tonny,Taubenfeld,Senior Engineer
15767,Baocai,Broomell,Senior Engineer
15769,Pranay,Oskamp,Staff
15772,Otilia,Kawashima,Senior Staff
15776,Vasilii,Simkin,Staff
15778,Arra,Haumacher,Senior Staff
15788,Taegyun,Deyuan,Senior Engineer
15799,Manton,Gelosh,Senior Staff
15809,Mingsen,Antonisse,Senior Staff
15812,Luise,Braunmuhl,Senior Staff
15819,Magdalena,Rajcani,Senior Staff
15821,Aleksander,Antonakopoulos,Engineer
15840,Shuho,Solares,Staff
15841,Aram,DasSarma,Senior Engineer
15846,Bowen,Litecky,Technique Leader
15847,Shawna,Gniady,Staff
15855,Xiaoqiu,Brookman,Senior Staff
15861,Gio,Anido,Senior Staff
15866,Angel,Seiwald,Senior Engineer
15867,Vincent,Fairtlough,Senior Engineer
15869,Guoxiang,Bala,Senior Engineer
15871,Jinpo,Muhling,Senior Engineer
15876,Munehiro,Vakili,Senior Engineer
15877,Yannik,Kroll,Engineer
15880,Miquel,Dechter,Technique Leader
15885,Perla,Delgrossi,Senior Engineer
15889,Sasan,Azumi,Senior Engineer
15892,Lunjin,Pettis,Senior Engineer
15893,Hitofumi,Ducloy,Technique Leader
15895,Ferdinand,Keirsey,Staff
15901,Marsja,Fargier,Senior Engineer
15902,Kazuhide,Stille,Senior Staff
15905,DeForest,Petersohn,Senior Engineer
15910,Maren,Kornatzky,Staff
15911,Shaibal,Viele,Senior Engineer
15918,Kotesh,Plesums,Senior Staff
15934,Kensyu,Shinomoto,Assistant Engineer
15938,Garnik,Covnot,Senior Staff
15941,Dekang,Nourani,Senior Engineer
15942,Murthy,Rosca,Senior Engineer
15943,Yakkov,Demke,Senior Engineer
15944,Murthy,Mahmud,Staff
15945,Hauke,Larfeldt,Senior Engineer
15948,Karoline,Versino,Senior Engineer
15949,Urs,Itzfeldt,Engineer
15955,Yuguang,Dratva,Senior Engineer
15960,Lenore,Narahara,Senior Engineer
15966,Adit,Carrera,Assistant Engineer
15967,Ohad,Klyachko,Senior Staff
15971,Arumugam,Aloia,Senior Engineer
15977,King,Ballarin,Senior Staff
15978,Kaijung,Wielonsky,Engineer
15984,Kasidit,Marzano,Engineer
15989,Nobuyoshi,Nannarelli,Senior Engineer
15993,Yoshimitsu,Peir,Senior Engineer
16000,Marek,Demos,Senior Engineer
16005,Udo,Sundgren,Senior Staff
16008,Xiaoqiang,Skafidas,Senior Engineer
16013,Chanjung,Solares,Senior Staff
16018,Boutros,Papadias,Senior Engineer
16019,Chaoyi,Heystek,Senior Engineer
16022,Perry,Valiente,Senior Engineer
16025,Doowon,Luce,Senior Engineer
16028,JiYoung,Takkinen,Senior Engineer
16033,Wayne,Spelt,Senior Staff
16052,Maria,Rodham,Senior Engineer
16053,Jeong,Gniady,Technique Leader
16056,Guiseppe,Luke,Engineer
16066,Marsha,Penn,Senior Staff
16068,Leandro,Zongker,Senior Staff
16069,Mechthild,Rahimi,Senior Engineer
16075,Aloke,Bashian,Senior Engineer
16076,Marko,Ebeling,Engineer
16077,Kannan,Heemskerk,Senior Engineer
16086,Mohammad,Denos,Senior Engineer
16088,Golgen,Gammage,Senior Engineer
16093,Luise,Tramer,Engineer
16094,Berto,Rosar,Senior Engineer
16096,Mayuko,Wallrath,Senior Engineer
16099,Mohan,Ferretti,Senior Staff
16109,Mooi,Serna,Senior Engineer
16117,Josyula,Felcyn,Senior Staff
16118,Arno,Gimarc,Senior Staff
16120,Domenico,Harllee,Senior Staff
16126,Tse,Crabtree,Staff
16130,Kerryn,Belinskaya,Engineer
16134,Annemarie,Chaudhuri,Senior Engineer
16138,Leucio,Krzyzanowski,Senior Staff
16142,Berry,Porenta,Senior Staff
16145,Ziva,Zallocco,Senior Staff
16147,Laurentiu,Brandsma,Senior Staff
16149,Ennio,Luit,Senior Staff
16154,Monique,Docker,Technique Leader
16156,Fei,Kaminger,Staff
16165,Shuzo,Cronau,Assistant Engineer
16166,Eberhardt,Chandrasekhar,Staff
16170,Aral,McDermid,Senior Staff
16175,Amabile,Baik,Staff
16180,Gio,Demir,Assistant Engineer
16185,Marin,Winter,Technique Leader
16192,Leandro,Sigstam,Senior Engineer
16198,Sadegh,Sanella,Senior Engineer
16201,Krassimir,Olano,Technique Leader
16206,Munenori,Demke,Engineer
16215,Duri,Eiron,Senior Staff
16218,Lidong,Hambrick,Engineer
16219,Dinkar,Viele,Staff
16224,Honesty,Slobodova,Staff
16227,Hitomi,Vural,Senior Engineer
16229,Ronnie,Lanzelotte,Senior Staff
16230,Ung,Babu,Senior Staff
16233,Sushant,Baba,Senior Staff
16234,Jacopo,Basart,Senior Staff
16238,Takahiro,Kopetz,Staff
16246,Makato,Masaki,Engineer
16249,Yagil,Kusakari,Senior Engineer
16252,Carrsten,Mattern,Senior Engineer
16257,Zhenhua,Masaki,Senior Staff
16262,Tsuneo,Hatcliff,Senior Staff
16266,Mikhail,Sethi,Senior Staff
16270,Khoa,Thorelli,Senior Staff
16272,Shuho,Zeleznik,Senior Engineer
16274,Sadun,Navazio,Senior Staff
16278,Marin,Pokrovskii,Technique Leader
16289,Muzhong,Rahimi,Staff
16300,Jackson,Coney,Senior Engineer
16301,Yurii,Molenkamp,Senior Engineer
16313,Charmane,Wilfing,Engineer
16320,Domenick,Ligten,Senior Staff
16324,Billie,Bazzichi,Staff
16329,Yucel,Melter,Senior Engineer
16332,Nigel,Akaboshi,Engineer
16337,Hironoby,Schaad,Senior Engineer
16341,Boutros,Fendler,Senior Staff
16347,Vasilii,Yurov,Engineer
16355,Nikolaos,Luca,Senior Staff
16364,Yifei,Gini,Senior Staff
16365,Janalee,Mellouli,Senior Staff
16368,Dinah,Soicher,Technique Leader
16377,Duri,Stanger,Engineer
16380,Zhilian,Chleq,Senior Staff
16382,Chaoyi,Talmon,Senior Engineer
16383,Lidong,Czap,Senior Engineer
16384,Dmitry,Heuser,Senior Engineer
16388,Subhankar,Georgatos,Senior Staff
16392,Danae,Keustermans,Staff
16397,Shimshon,Cusworth,Senior Staff
16398,Limsoon,Krzyzanowski,Senior Staff
16399,Apostol,Collette,Senior Staff
16404,Rafols,Rabehasaina,Senior Engineer
16405,Demos,Worfolk,Engineer
16412,Moss,Tokunaga,Technique Leader
16415,Subhash,Ohori,Senior Engineer
16425,Idoia,Beerel,Senior Engineer
16426,Mabry,Dulli,Senior Engineer
16427,Denny,Danecki,Senior Engineer
16437,Val,Nyrup,Senior Staff
16438,Abdulla,Demeyer,Senior Engineer
16446,Jouko,Chinin,Senior Staff
16447,Zhiguo,Savasere,Senior Engineer
16448,Tsvetan,Zwicker,Senior Engineer
16452,Weiye,Tsukune,Senior Engineer
16453,Goncalo,Basart,Senior Staff
16457,Gudjon,DiGiano,Senior Engineer
16466,Atreye,Parveen,Senior Engineer
16471,Bogdan,Birta,Staff
16472,Dekang,Uhrik,Senior Engineer
16479,Jixiang,Eiter,Senior Staff
16480,Patricio,Tramer,Senior Staff
16481,Tadahiko,Rothe,Senior Staff
16482,Dinkar,Pettit,Senior Staff
16484,Remko,Redmiles,Senior Staff
16486,Sanjay,Perin,Senior Staff
16487,Arunas,Yemenis,Senior Staff
16490,Muzhong,Thiria,Senior Staff
16491,Emdad,Radwan,Senior Staff
16499,Aran,Legleitner,Engineer
16504,Mong,Cromarty,Senior Engineer
16508,Kwok,Haddadi,Senior Staff
16510,Mototsugu,Vecchio,Senior Staff
16511,Visit,McFarlin,Senior Staff
16526,Saeko,Coorg,Engineer
16530,Martina,Ozeri,Staff
16535,Bluma,Bhattacharjee,Engineer
16537,Weidon,Seiwald,Senior Engineer
16539,Gretta,Fetvedt,Senior Engineer
16544,Xiaoshan,Schaap,Staff
16546,Sangeeta,Lanphier,Senior Engineer
16549,Olivera,Thibadeau,Senior Staff
16551,Sadegh,Ranon,Senior Engineer
16554,Weicheng,Taubman,Senior Engineer
16556,Mostafa,Hiltgen,Senior Engineer
16559,Weijing,Kruskal,Senior Engineer
16567,Hein,Senzako,Senior Staff
16569,Henk,Cyre,Senior Staff
16570,Uta,Matzen,Senior Engineer
16577,Lidong,McFarlan,Senior Engineer
16580,Masaru,Valiente,Senior Engineer
16582,Sanjiv,McFarlin,Staff
16586,Uno,Peyn,Senior Staff
16588,Persi,Rubsam,Senior Staff
16607,Vishwani,Honglei,Senior Staff
16616,Danai,Staelin,Senior Engineer
16617,Aluzio,Noriega,Senior Engineer
16619,Arvind,Boguraev,Senior Engineer
16622,Yifei,Herbst,Staff
16629,Masaki,Papastamatiou,Technique Leader
16636,Ulf,Luan,Engineer
16644,Saniya,Yoshimura,Senior Engineer
16655,Teunis,Hartvigsen,Senior Engineer
16657,Yongdong,Heyers,Senior Engineer
16658,Florian,Soicher,Senior Staff
16668,Rosalie,Mungall,Senior Staff
16669,Youpyo,Harnett,Senior Engineer
16672,Georgi,Peris,Senior Staff
16674,Duke,Takanami,Technique Leader
16678,Gill,Lenart,Senior Engineer
16679,Domenick,Cummings,Engineer
16680,Sanjay,Improta,Engineer
16683,Hatem,Ghandeharizadeh,Senior Engineer
16686,Francoise,Linnainmaa,Senior Staff
16692,Maria,Perelgut,Engineer
16695,Chaosheng,Thiran,Staff
16698,Udaiprakash,Decleir,Engineer
16704,Mohan,Coors,Senior Staff
16716,Ramachenga,Zumaque,Engineer
16719,Sasan,Benantar,Senior Staff
16723,Mohd,Randt,Senior Staff
16729,Kirk,Broomell,Senior Staff
16730,Chinhyun,Engelmann,Senior Engineer
16731,Domenico,Versino,Senior Engineer
16744,George,Setiz,Senior Engineer
16747,Taisook,Cyre,Engineer
16751,Lubomir,Molenkamp,Technique Leader
16756,Charlene,Harnett,Staff
16759,Vojin,Masaki,Senior Engineer
16766,Vatsa,Brendel,Senior Engineer
16772,Baruch,Giveon,Senior Staff
16776,Gil,Azevdeo,Senior Staff
16778,Filipp,Scallan,Senior Engineer
16779,Shooichi,Vandervoorde,Senior Staff
16782,Premsyl,Redmiles,Senior Staff
16783,Takahira,Spataro,Senior Staff
16786,Irene,Candan,Senior Staff
16799,Shigeichiro,Bamford,Senior Engineer
16801,Gila,Strooper,Senior Engineer
16803,Ziva,Rohrbach,Engineer
16806,Sreekrishna,Dayana,Senior Staff
16808,Kiyokazu,Katiyar,Senior Staff
16828,Bernd,Etalle,Engineer
16829,Pintsang,Collavizza,Senior Staff
16838,Martien,Cronin,Staff
16843,Maya,Junet,Engineer
16851,Leon,Stasinski,Senior Staff
16852,Yefim,Fontet,Senior Engineer
16856,Yefim,Schaad,Senior Staff
16859,Chikara,Heping,Senior Staff
16862,JiYoung,Eppinger,Senior Engineer
16864,Candido,Gecsel,Engineer
16869,Yakkov,Huttel,Senior Staff
16871,Munir,Stiles,Senior Engineer
16875,Nikolaos,Radhakrishnan,Engineer
16880,Honesty,Bresenham,Technique Leader
16889,Arve,Pardalos,Senior Staff
16894,Francesca,Smeets,Senior Staff
16895,Dines,Murtagh,Senior Staff
16896,Taisook,Bazzichi,Senior Engineer
16897,Charlene,Ebeling,Technique Leader
16901,Gopalakrishnan,Flasterstein,Senior Engineer
16902,Aiman,Isaak,Engineer
16910,Kazunori,Botman,Senior Engineer
16915,Xianlong,Candan,Senior Engineer
16917,Olivera,Peron,Senior Staff
16919,Tesuya,Yurov,Engineer
16921,Evgueni,Yeung,Senior Staff
16933,Lokesh,Pardalos,Staff
16934,Collette,Sanella,Engineer
16938,Shmuel,Shigei,Engineer
16944,Yuguang,Shobatake,Staff
16952,Shimshon,Velardi,Senior Engineer
16954,Akhilish,Apsitis,Senior Staff
16955,Sangeeta,Marrakchi,Senior Staff
16969,Sanjit,Braccini,Senior Engineer
16979,Xiaoqiu,Preusig,Engineer
16986,Hirochika,Gecseg,Senior Engineer
16988,Xiong,Peron,Senior Staff
16993,Hongzue,Dahlbom,Senior Staff
16999,Bezalel,Sadowsky,Senior Staff
17007,Muzhong,Fujisawa,Staff
17011,Nagui,Granlund,Staff
17012,Valdiodio,Petereit,Senior Engineer
17014,Sadun,Waterhouse,Senior Staff
17018,Berhard,Tasistro,Senior Engineer
17024,Ewing,Siepmann,Senior Engineer
17034,Heng,Rehfuss,Engineer
17040,Kazuhisa,Bhattacharjee,Assistant Engineer
17041,Nishit,Montemayor,Senior Staff
17044,Persi,Tiemann,Senior Engineer
17046,Fay,Kornyak,Senior Engineer
17048,Christoph,Murthy,Senior Engineer
17055,Marin,Wixon,Senior Engineer
17059,Tamiya,Atrawala,Senior Engineer
17062,Shai,Laurillard,Staff
17063,Anoosh,Thiran,Senior Staff
17066,Heping,Ruther,Senior Engineer
17068,Bodh,Gopalakrishnan,Assistant Engineer
17072,Richara,Bala,Senior Staff
17076,Gudjon,Hitomi,Senior Engineer
17078,Gill,Hinsberger,Senior Staff
17080,Jianhui,Petereit,Senior Engineer
17081,Weiru,Murtafg,Senior Engineer
17085,Ramzi,Litvinov,Senior Engineer
17089,Rafail,Erman,Senior Staff
17090,Jaana,Akaboshi,Senior Engineer
17092,Atreye,Lalonde,Staff
17093,Niteen,Oppitz,Assistant Engineer
17098,Xuedong,Gelosh,Senior Engineer
17100,Gila,Luef,Engineer
17101,Sandeepan,Compeau,Senior Engineer
17102,Radhika,Garnick,Staff
17103,Takahiro,Feldmann,Senior Engineer
17118,Marke,Felder,Senior Engineer
17120,Yifei,Polupanov,Senior Staff
17123,Aruna,Beausoleil,Senior Staff
17125,Akhilish,Zweizig,Senior Engineer
17126,Matk,Schapire,Senior Staff
17128,Wuxu,Baba,Senior Engineer
17132,Shrikanth,Passafiume,Senior Staff
17141,Ingmar,Kadhim,Senior Engineer
17143,Ziyad,Munke,Senior Engineer
17146,Aemilian,Barbanera,Staff
17148,Venkatesan,Rissanen,Engineer
17157,Kristian,Ghandeharizadeh,Senior Staff
17158,Danai,Vecchio,Senior Engineer
17159,Quingbo,Mitchem,Senior Engineer
17160,Shay,Montemayor,Senior Engineer
17163,Yurii,Papsdorf,Senior Engineer
17169,Kaijung,Yeung,Senior Staff
17172,Conrado,Riexinger,Senior Engineer
17179,Kellyn,Angel,Engineer
17181,Weiyi,Pepe,Senior Staff
17191,Nobuyoshi,Baer,Senior Engineer
17199,Vasilis,Guardalben,Senior Staff
17200,Mostafa,Chiola,Senior Engineer
17214,Danel,Angelov,Technique Leader
17215,Junichi,Langford,Senior Engineer
17220,Lorien,Panwar,Senior Engineer
17222,Leen,Muchinsky,Senior Engineer
17227,Magdalena,Compeau,Engineer
17228,Ult,Kirkerud,Engineer
17230,Gift,Eldridge,Senior Staff
17235,Ronnie,Rissanen,Senior Engineer
17236,Matk,Merro,Senior Engineer
17243,Ishfaq,Demke,Staff
17245,Neven,Milicia,Staff
17255,Guozhong,Krybus,Staff
17260,Abdulah,Famili,Engineer
17268,Sven,Luef,Senior Staff
17276,Sorina,Range,Staff
17277,Arnd,Hopewell,Senior Engineer
17279,Pramod,Braccini,Senior Staff
17280,Xuejia,Merle,Senior Engineer
17284,Gita,Willoner,Senior Staff
17285,Mario,Weiland,Senior Staff
17287,Ute,Lindqvist,Engineer
17291,Heather,Berendt,Senior Staff
17294,Shrikanth,Pietrzykowski,Senior Engineer
17303,Zvonko,Rajcani,Senior Engineer
17305,Danai,Czaja,Staff
17308,Sanjit,Thiran,Senior Staff
17314,Guther,Hofstetter,Senior Engineer
17316,Krassimir,Zolotykh,Engineer
17325,Heng,Veeraraghavan,Engineer
17326,Arumugam,Ramsay,Senior Engineer
17327,Yongmin,Gihr,Senior Staff
17329,Shaunak,Tyugu,Senior Engineer
17333,Snehasis,Lanzelotte,Senior Engineer
17335,Shakhar,Kusakabe,Staff
17336,Shigenori,Chaudhuri,Senior Engineer
17339,Fan,Mullainathan,Engineer
17340,Yurii,Brookman,Senior Staff
17352,Muneo,Katiyar,Senior Staff
17355,Mingzeng,Weisert,Senior Engineer
17364,Xuejun,Mikschl,Senior Engineer
17379,Hongzhu,Ruemmler,Engineer
17384,Youngkon,Nooteboom,Senior Staff
17386,Hilary,Lamba,Engineer
17387,Shir,Serra,Staff
17391,Selwyn,Pews,Senior Engineer
17396,Valeri,Henders,Senior Engineer
17397,Kenroku,Hardjono,Senior Engineer
17407,Surveyors,Worfolk,Senior Staff
17412,Leni,Vilarrasa,Staff
17413,Dhritiman,Brookman,Senior Engineer
17414,Mototsugu,Gihr,Technique Leader
17415,Shaleah,Bernatsky,Senior Engineer
17419,Lucien,Piancastelli,Engineer
17423,Adly,Demir,Technique Leader
17436,Chirstian,Munawer,Senior Staff
17439,Aemilian,Basagni,Engineer
17440,Hugh,Rosch,Senior Staff
17448,Makato,Belinskaya,Senior Engineer
17457,Chaoyi,Skrikant,Senior Engineer
17463,Tremaine,Lamparter,Senior Staff
17466,Yagil,Peron,Senior Staff
17468,Abdelghani,Irland,Senior Staff
17470,Genevieve,Lichtner,Senior Engineer
17472,Murthy,Verhoeff,Senior Staff
17474,Serenella,Baik,Senior Engineer
17476,Mingsen,Gelosh,Senior Engineer
17479,Nechama,Shokrollahi,Engineer
17482,Basant,Bottner,Staff
17483,Sudhanshu,Zolotykh,Senior Engineer
17487,Gully,Staudhammer,Engineer
17488,Leah,Billingsley,Senior Engineer
17489,Karlis,Vigier,Senior Staff
17497,Adin,Bahi,Senior Engineer
17500,Jinya,Bratsberg,Technique Leader
17505,Gunilla,Moffat,Senior Engineer
17512,Frederique,Hofmeyr,Engineer
17513,Spyrose,Barreiro,Staff
17520,Shahab,Keohane,Senior Engineer
17523,Piyawadee,Engberts,Staff
17525,Srinidhi,Vecchi,Technique Leader
17526,Jungsoon,Kornyak,Engineer
17534,Indrajit,Crelier,Senior Staff
17539,Cathie,Uhrik,Senior Engineer
17542,Dzung,Asser,Senior Staff
17544,Kien,Marletta,Senior Engineer
17551,Mark,Foote,Engineer
17552,Pradeep,Neiman,Senior Staff
17555,Pranay,Sessa,Senior Engineer
17556,Makato,Tsukuda,Senior Staff
17559,Annemarie,Papastamatiou,Senior Engineer
17562,Kristof,Iacovou,Senior Engineer
17568,Fay,Barreiro,Senior Engineer
17571,Achilleas,Shackel,Engineer
17573,Berthier,Deverell,Senior Staff
17576,Behnaam,Krybus,Senior Engineer
17582,Kauko,Spieker,Senior Engineer
17584,Emdad,Coorg,Senior Staff
17586,Lein,Halevi,Senior Staff
17593,Shigehito,Cherinka,Senior Engineer
17596,Vatsa,Garnick,Engineer
17611,Janche,Luit,Senior Staff
17621,Adil,Lukaszewicz,Senior Engineer
17629,Mostafa,Winter,Senior Staff
17638,Stabislas,Frezza,Senior Engineer
17644,Mats,Akazan,Senior Staff
17647,Vasilis,Swab,Senior Staff
17648,Naftali,Zumaque,Engineer
17651,Mokhtar,Kamble,Senior Staff
17657,Thanasis,Zucker,Engineer
17667,Poorav,Kambil,Senior Engineer
17670,Elrique,Spinelli,Senior Staff
17674,Adib,Braccini,Senior Engineer
17676,Venkatesan,Bage,Engineer
17677,Mingdong,Ramalingam,Senior Engineer
17680,Carrsten,Vickson,Senior Engineer
17683,Bernt,Henders,Senior Staff
17688,Faiza,Cincotta,Senior Engineer
17696,Feiyu,Kusalik,Senior Engineer
17699,Radhia,Heping,Senior Engineer
17704,Vatsa,Broomell,Senior Staff
17705,Toshimo,Mellouli,Technique Leader
17711,Owen,Katiyar,Engineer
17716,Josyula,Vitiello,Senior Engineer
17718,Barton,Yurek,Senior Staff
17723,Ramya,Holburn,Senior Staff
17728,Tsuneo,Lienhardt,Staff
17736,Leif,Bennis,Senior Engineer
17742,Tru,Cappelletti,Senior Staff
17745,Hatem,Schreiter,Senior Engineer
17749,Arif,Underwood,Engineer
17751,Mrinalini,Saoudi,Senior Engineer
17753,Karoline,Hegner,Senior Engineer
17754,Xudong,Bojadziev,Senior Engineer
17776,Apostol,Tchuente,Staff
17778,Chirstian,Matzov,Senior Staff
17783,Adly,Haldar,Senior Staff
17788,Baziley,Leivant,Senior Engineer
17791,Matt,Stifter,Senior Staff
17798,Guangming,Suessmith,Senior Staff
17800,Tooru,Brizzi,Senior Staff
17803,Mikhail,Parhami,Senior Staff
17806,Martins,Guerreiro,Senior Engineer
17807,Jianhua,Glowinski,Senior Engineer
17811,Steen,McDermid,Senior Engineer
17815,Shuji,Wissmann,Engineer
17816,Toshimo,Kenevan,Senior Engineer
17819,Geraldo,Decaestecker,Senior Engineer
17824,Navin,Baaz,Senior Engineer
17826,Vitali,Fiutem,Senior Engineer
17828,Ger,Zolotykh,Senior Engineer
17829,Przemyslawa,Whittlesey,Staff
17833,Mayumi,Lodder,Senior Staff
17834,Zhilian,Fiutem,Senior Engineer
17836,Nectarios,Merle,Senior Staff
17840,Tonny,Sherertz,Senior Engineer
17841,Hilary,Ramaiah,Senior Engineer
17849,Mandell,Varker,Senior Staff
17854,Shuho,Bazelow,Senior Staff
17855,Heejo,Kabayashi,Senior Engineer
17861,Vishv,Oxman,Senior Staff
17864,Charmane,Grandbois,Senior Engineer
17869,Xiaocheng,Prochazka,Assistant Engineer
17871,Ebbe,Hedayat,Senior Engineer
17874,Rutger,Minakawa,Senior Staff
17885,Takanari,Aamodt,Engineer
17890,Bodh,Staelin,Senior Engineer
17891,Isaac,Luiz,Senior Engineer
17900,Sakthirel,Belinskaya,Senior Engineer
17907,Kotesh,Bernini,Senior Staff
17916,Sukumar,Morrin,Senior Engineer
17919,Kiyotoshi,Pluym,Senior Engineer
17921,Minghong,Trachtenberg,Senior Staff
17925,Adamantios,Baezner,Senior Engineer
17938,Sachio,Zucker,Staff
17939,Heon,Ibel,Senior Engineer
17941,Yakichi,Krohm,Engineer
17949,Subbu,Pluym,Engineer
17950,Alassane,Genther,Senior Engineer
17956,Ebru,Zobel,Senior Engineer
17958,Ramachenga,Turnbull,Technique Leader
17963,Danil,Gecsel,Senior Staff
17964,Yongqiao,Pintelas,Technique Leader
17973,Sanjit,Beidas,Senior Engineer
17981,Cordelia,Rande,Staff
17984,Kellyn,Roison,Senior Staff
17986,Oguz,Angelopoulos,Staff
17995,Oldrich,Vickson,Senior Staff
18000,Tzvetan,Rajcani,Staff
18006,Vidya,Hanabata,Senior Staff
18008,Ung,Badr,Engineer
18013,Jiong,Shanbhogue,Senior Engineer
18016,Somnath,Kaminger,Senior Staff
18018,Sasan,Schrooten,Senior Staff
18020,Adhemar,Pelz,Senior Staff
18022,Maha,Esposito,Senior Engineer
18030,Jasminko,Brookner,Senior Engineer
18034,Patricio,Hettesheimer,Staff
18035,Shmuel,Haumacher,Senior Engineer
18040,Franziska,Nitsche,Senior Staff
18044,Djenana,Besselaar,Staff
18059,Troy,Lueh,Senior Engineer
18065,Chriss,Wroclawski,Senior Staff
18069,Angus,Kambil,Engineer
18075,Lein,Goodrum,Senior Engineer
18080,Satyanarayana,Rosar,Senior Engineer
18096,Sven,Manders,Senior Engineer
18099,Kazuhiko,Fendler,Technique Leader
18101,Mariangiola,Ozeri,Staff
18106,Gudjon,Axelband,Senior Engineer
18108,Sanjai,Genin,Staff
18113,Kish,Hainaut,Senior Engineer
18115,Georg,Krzyzanowski,Senior Engineer
18117,Visit,Gils,Technique Leader
18123,Kristinn,Hitomi,Staff
18124,Prodip,Kropf,Senior Engineer
18130,Claudi,Cairo,Senior Staff
18134,Ult,Pesch,Senior Engineer
18135,Hugh,Bahl,Staff
18138,Moni,Baezner,Senior Staff
18140,Khedija,Lubachevsky,Senior Staff
18144,Kinh,Servi,Technique Leader
18155,Dayanand,Danlos,Senior Engineer
18157,Fen,Frolund,Engineer
18169,Nathalie,Radwan,Senior Staff
18175,Gal,Templeman,Senior Engineer
18181,Gregory,Beerel,Senior Staff
18186,Aria,Schaap,Senior Staff
18190,Guadalupe,Lichtman,Senior Engineer